{
  "IsSuccess": true,
  "Message": null,
  "Data": null,
  "Data1": null,
  "ErrorCode": 0,
  "strPropertyLogo": null,
  "strCurrentMonthAndYearStats": null,
  "strTotCurrentMonthAndYearStats": null,
  "strFromCurrentMonthAndYearStats": null,
  "strRatePlanRevenue": null,
  "strRatePlanRevenueLastYear": null,
  "strMonthlyMarketSegment": [
    {
      "category": "EXTENDED STAY",
      "Revenue": 7296.0,
      "TotalRevenue": 169919.65,
      "value": 4.29,
      "colorscheme": "#A2DF53",
      "RoomNight": 64,
      "ADR": 114
    },
    {
      "category": "GOVERNMENT",
      "Revenue": 12275.1,
      "TotalRevenue": 169919.65,
      "value": 7.22,
      "colorscheme": "#1C9EC4",
      "RoomNight": 126,
      "ADR": 97
    },
    {
      "category": "GROUP",
      "Revenue": 22631.0,
      "TotalRevenue": 169919.65,
      "value": 13.32,
      "colorscheme": "#6D7B8D",
      "RoomNight": 228,
      "ADR": 99
    },
    {
      "category": "LOCAL NEGOTIATED",
      "Revenue": 39363.0,
      "TotalRevenue": 169919.65,
      "value": 23.17,
      "colorscheme": "#ba3f8a",
      "RoomNight": 347,
      "ADR": 113
    },
    {
      "category": "OTA RETAIL",
      "Revenue": 8795.27,
      "TotalRevenue": 169919.65,
      "value": 5.18,
      "colorscheme": "#736AFF",
      "RoomNight": 75,
      "ADR": 117
    },
    {
      "category": "QUALIFIED DISCOUNT",
      "Revenue": 12078.95,
      "TotalRevenue": 169919.65,
      "value": 7.11,
      "colorscheme": "#7ca1f6",
      "RoomNight": 111,
      "ADR": 109
    },
    {
      "category": "REDEMPTION",
      "Revenue": 2968.0,
      "TotalRevenue": 169919.65,
      "value": 1.75,
      "colorscheme": "#4f3fab",
      "RoomNight": 106,
      "ADR": 28
    },
    {
      "category": "RETAIL",
      "Revenue": 32863.98,
      "TotalRevenue": 169919.65,
      "value": 19.34,
      "colorscheme": "#00A2E5",
      "RoomNight": 255,
      "ADR": 129
    },
    {
      "category": "CORP NEGOTIATED",
      "Revenue": 25602.0,
      "TotalRevenue": 169919.65,
      "value": 15.07,
      "colorscheme": "#FF7663",
      "RoomNight": 243,
      "ADR": 105
    },
    {
      "category": "EMPLOYEE",
      "Revenue": 6046.35,
      "TotalRevenue": 169919.65,
      "value": 3.56,
      "colorscheme": "#FFB74F",
      "RoomNight": 100,
      "ADR": 60
    }
  ],
  "strYearlyMarketSegment": [
    {
      "category": "EXTENDED STAY",
      "Revenue": 9200.0,
      "TotalRevenue": 442035.58,
      "value": 2.08,
      "colorscheme": "#A2DF53",
      "RoomNight": 80,
      "ADR": 115
    },
    {
      "category": "GOVERNMENT",
      "Revenue": 20093.1,
      "TotalRevenue": 442035.58,
      "value": 4.55,
      "colorscheme": "#1C9EC4",
      "RoomNight": 203,
      "ADR": 99
    },
    {
      "category": "GROUP",
      "Revenue": 26311.0,
      "TotalRevenue": 442035.58,
      "value": 5.95,
      "colorscheme": "#6D7B8D",
      "RoomNight": 262,
      "ADR": 100
    },
    {
      "category": "LOCAL NEGOTIATED",
      "Revenue": 258545.0,
      "TotalRevenue": 442035.58,
      "value": 58.49,
      "colorscheme": "#ba3f8a",
      "RoomNight": 2365,
      "ADR": 109
    },
    {
      "category": "OTA RETAIL",
      "Revenue": 12497.3,
      "TotalRevenue": 442035.58,
      "value": 2.83,
      "colorscheme": "#736AFF",
      "RoomNight": 100,
      "ADR": 125
    },
    {
      "category": "QUALIFIED DISCOUNT",
      "Revenue": 20529.95,
      "TotalRevenue": 442035.58,
      "value": 4.64,
      "colorscheme": "#7ca1f6",
      "RoomNight": 179,
      "ADR": 115
    },
    {
      "category": "RETAIL",
      "Revenue": 42659.98,
      "TotalRevenue": 442035.58,
      "value": 9.65,
      "colorscheme": "#00A2E5",
      "RoomNight": 326,
      "ADR": 131
    },
    {
      "category": "BRAND DISCOUNT",
      "Revenue": 5109.9,
      "TotalRevenue": 442035.58,
      "value": 1.16,
      "colorscheme": "#10C4B2",
      "RoomNight": 41,
      "ADR": 125
    },
    {
      "category": "CORP NEGOTIATED",
      "Revenue": 35704.0,
      "TotalRevenue": 442035.58,
      "value": 8.08,
      "colorscheme": "#FF7663",
      "RoomNight": 347,
      "ADR": 103
    },
    {
      "category": "EMPLOYEE",
      "Revenue": 11385.35,
      "TotalRevenue": 442035.58,
      "value": 2.58,
      "colorscheme": "#FFB74F",
      "RoomNight": 163,
      "ADR": 70
    }
  ],
  "strMarketSegmentPickUp": null,
  "strMarketSegmentPickUpMarketSegment": null,
  "strMarketSegmentPickUpMarketSegmentADR": null,
  "strPricingAnalysis": null,
  "strPickUpRateShop": null,
  "strHotDates": null,
  "strTotPickupYestForecastRateShop": null,
  "strTotMonthToDatePickupYestForecastRateShop": null,
  "strOTBMarketSegment": null,
  "strCompsetRateData": null,
  "strStayDateLOS": null,
  "strCompsetRateDataYesterday": null,
  "strTotalOTB": null,
  "strTotalOTBTotal": null,
  "strTotalADR": null,
  "strTotalADRTotal": null,
  "strTotalRevenueTotal": null,
  "strPickupOTB": null,
  "strPickupOTBTotal": null,
  "strPickupADR": null,
  "strPickupADRTotal": null,
  "strPickupRevenueTotal": null,
  "strPickup7OTB": null,
  "strPickup7OTBTotal": null,
  "strPickup7ADR": null,
  "strPickup7ADRTotal": null,
  "strPickup7RevenueTotal": null,
  "strMonthYearData": null,
  "strMonthlySummary": null,
  "strDailySummary": null,
  "strPickupCalendarDays": null,
  "strPickupCalendarDates": null,
  "strRatePlanHierachical": null,
  "strCompanyHierachical": null,
  "strGuestNameHierachical": null,
  "strGroupNameDetails": null,
  "strEventDetails": null,
  "strResrevationActivityFromLastTwodays": null,
  "FlagETL": false,
  "ResrevationActivityFromLastTwodays": null,
  "RevenueBookingYOYChart": null,
  "strPortfolioDetails": null,
  "strYesterdayTable": null,
  "strTodayTable": null,
  "strMonthMTDTable": null,
  "strMonthOTBTable": null,
  "strDailyStats": null,
  "strMonthlyStats": null,
  "strDailyStatsTotal": null,
  "strMonthlyStatsTotal": null
}