{
  "IsSuccess": true,
  "Message": null,
  "Data": null,
  "Data1": null,
  "ErrorCode": 0,
  "strPropertyLogo": null,
  "strCurrentMonthAndYearStats": null,
  "strTotCurrentMonthAndYearStats": null,
  "strFromCurrentMonthAndYearStats": null,
  "strRatePlanRevenue": [
    {
      "CurrentYear": 2020,
      "Ratecode": "BAR",
      "MarketSegmentDesc": "RETAIL",
      "CurrentYearRevenue": 32551,
      "PreviousYearRevenue": 27233,
      "CurrentYearADR": 114.0,
      "PreviousYearADR": 122.0
    },
    {
      "CurrentYear": 2020,
      "Ratecode": "Group~",
      "MarketSegmentDesc": "GROUP",
      "CurrentYearRevenue": 6695,
      "PreviousYearRevenue": 0,
      "CurrentYearADR": 88.0,
      "PreviousYearADR": 0.0
    },
    {
      "CurrentYear": 2020,
      "Ratecode": "SRTL",
      "MarketSegmentDesc": "THIRD-PARTY E-WHOLESALE PARTNER - RETAIL",
      "CurrentYearRevenue": 3423,
      "PreviousYearRevenue": 499,
      "CurrentYearADR": 107.0,
      "PreviousYearADR": 83.0
    },
    {
      "CurrentYear": 2020,
      "Ratecode": "SBOOK",
      "MarketSegmentDesc": "BOOKING WEBSITE",
      "CurrentYearRevenue": 3276,
      "PreviousYearRevenue": 796,
      "CurrentYearADR": 84.0,
      "PreviousYearADR": 88.0
    },
    {
      "CurrentYear": 2020,
      "Ratecode": "SAPR1",
      "MarketSegmentDesc": "ADVANCE PURCHASE",
      "CurrentYearRevenue": 3114,
      "PreviousYearRevenue": 510,
      "CurrentYearADR": 115.0,
      "PreviousYearADR": 170.0
    },
    {
      "CurrentYear": 2020,
      "Ratecode": "SCPM ",
      "MarketSegmentDesc": "CHOICE PRIVILEGES MEMBER RATE",
      "CurrentYearRevenue": 2652,
      "PreviousYearRevenue": 2171,
      "CurrentYearADR": 91.0,
      "PreviousYearADR": 84.0
    },
    {
      "CurrentYear": 2020,
      "Ratecode": "SP3BK",
      "MarketSegmentDesc": "STAY 3 NIGHTS AND SAVE",
      "CurrentYearRevenue": 2278,
      "PreviousYearRevenue": 2606,
      "CurrentYearADR": 71.0,
      "PreviousYearADR": 124.0
    },
    {
      "CurrentYear": 2020,
      "Ratecode": "S15M3M",
      "MarketSegmentDesc": "STAY 3 NIGHTS GET 15 PERCENT OFF BAR - MEMBER RATE",
      "CurrentYearRevenue": 2110,
      "PreviousYearRevenue": 969,
      "CurrentYearADR": 66.0,
      "PreviousYearADR": 69.0
    },
    {
      "CurrentYear": 2020,
      "Ratecode": "SPC",
      "MarketSegmentDesc": "VIP/PREFERRED RATE",
      "CurrentYearRevenue": 1868,
      "PreviousYearRevenue": 80,
      "CurrentYearADR": 75.0,
      "PreviousYearADR": 80.0
    },
    {
      "CurrentYear": 2020,
      "Ratecode": "LOPQ",
      "MarketSegmentDesc": "OPAQUE RATE PLAN",
      "CurrentYearRevenue": 1742,
      "PreviousYearRevenue": 0,
      "CurrentYearADR": 50.0,
      "PreviousYearADR": 0.0
    }
  ],
  "strRatePlanRevenueLastYear": [
    {
      "CurrentYear": 2019,
      "Ratecode": "BAR",
      "MarketSegmentDesc": "RETAIL",
      "CurrentYearRevenue": 27233,
      "PreviousYearRevenue": 66042,
      "CurrentYearADR": 122.0,
      "PreviousYearADR": 110.0
    },
    {
      "CurrentYear": 2019,
      "Ratecode": "LLOYAL",
      "MarketSegmentDesc": "LOYALTY DISCOUNT",
      "CurrentYearRevenue": 3557,
      "PreviousYearRevenue": 346,
      "CurrentYearADR": 81.0,
      "PreviousYearADR": 86.0
    },
    {
      "CurrentYear": 2019,
      "Ratecode": "SP3BK",
      "MarketSegmentDesc": "STAY 3 NIGHTS AND SAVE",
      "CurrentYearRevenue": 2606,
      "PreviousYearRevenue": 859,
      "CurrentYearADR": 124.0,
      "PreviousYearADR": 78.0
    },
    {
      "CurrentYear": 2019,
      "Ratecode": "SP3EXP",
      "MarketSegmentDesc": "STAY 3 NIGHTS AND SAVE",
      "CurrentYearRevenue": 2585,
      "PreviousYearRevenue": 823,
      "CurrentYearADR": 54.0,
      "PreviousYearADR": 69.0
    },
    {
      "CurrentYear": 2019,
      "Ratecode": "LCLC",
      "MarketSegmentDesc": "CLC",
      "CurrentYearRevenue": 2420,
      "PreviousYearRevenue": 0,
      "CurrentYearADR": 55.0,
      "PreviousYearADR": 0.0
    },
    {
      "CurrentYear": 2019,
      "Ratecode": "SCPM ",
      "MarketSegmentDesc": "CHOICE PRIVILEGES MEMBER RATE",
      "CurrentYearRevenue": 2171,
      "PreviousYearRevenue": 6113,
      "CurrentYearADR": 84.0,
      "PreviousYearADR": 89.0
    },
    {
      "CurrentYear": 2019,
      "Ratecode": "NCLC",
      "MarketSegmentDesc": "CORPORATE LODGING CONSULTANTS",
      "CurrentYearRevenue": 1650,
      "PreviousYearRevenue": 1870,
      "CurrentYearADR": 55.0,
      "PreviousYearADR": 55.0
    },
    {
      "CurrentYear": 2019,
      "Ratecode": "SGM",
      "MarketSegmentDesc": "GOVERNMENT/MILITARY",
      "CurrentYearRevenue": 1622,
      "PreviousYearRevenue": 3183,
      "CurrentYearADR": 81.0,
      "PreviousYearADR": 86.0
    },
    {
      "CurrentYear": 2019,
      "Ratecode": "SSC",
      "MarketSegmentDesc": "SENIOR RATE",
      "CurrentYearRevenue": 1609,
      "PreviousYearRevenue": 3845,
      "CurrentYearADR": 101.0,
      "PreviousYearADR": 85.0
    },
    {
      "CurrentYear": 2019,
      "Ratecode": "SP15M3",
      "MarketSegmentDesc": "STAY 3 NIGHTS GET 15 PERCENT OFF BAR",
      "CurrentYearRevenue": 1580,
      "PreviousYearRevenue": 1218,
      "CurrentYearADR": 99.0,
      "PreviousYearADR": 81.0
    }
  ],
  "strMonthlyMarketSegment": null,
  "strYearlyMarketSegment": null,
  "strMarketSegmentPickUp": null,
  "strMarketSegmentPickUpMarketSegment": null,
  "strMarketSegmentPickUpMarketSegmentADR": null,
  "strPricingAnalysis": null,
  "strPickUpRateShop": null,
  "strHotDates": null,
  "strTotPickupYestForecastRateShop": null,
  "strTotMonthToDatePickupYestForecastRateShop": null,
  "strOTBMarketSegment": null,
  "strCompsetRateData": null,
  "strStayDateLOS": null,
  "strCompsetRateDataYesterday": null,
  "strTotalOTB": null,
  "strTotalOTBTotal": null,
  "strTotalADR": null,
  "strTotalADRTotal": null,
  "strTotalRevenueTotal": null,
  "strPickupOTB": null,
  "strPickupOTBTotal": null,
  "strPickupADR": null,
  "strPickupADRTotal": null,
  "strPickupRevenueTotal": null,
  "strPickup7OTB": null,
  "strPickup7OTBTotal": null,
  "strPickup7ADR": null,
  "strPickup7ADRTotal": null,
  "strPickup7RevenueTotal": null,
  "strMonthYearData": null,
  "strMonthlySummary": null,
  "strDailySummary": null,
  "strPickupCalendarDays": null,
  "strPickupCalendarDates": null,
  "strRatePlanHierachical": null,
  "strCompanyHierachical": null,
  "strGuestNameHierachical": null,
  "strGroupNameDetails": null,
  "strEventDetails": null,
  "strResrevationActivityFromLastTwodays": null,
  "FlagETL": false,
  "ResrevationActivityFromLastTwodays": null,
  "RevenueBookingYOYChart": null,
  "strPortfolioDetails": null,
  "strYesterdayTable": null,
  "strTodayTable": null,
  "strMonthMTDTable": null,
  "strMonthOTBTable": null,
  "strDailyStats": null,
  "strMonthlyStats": null,
  "strDailyStatsTotal": null,
  "strMonthlyStatsTotal": null
}