{
  "IsSuccess": true,
  "Message": null,
  "Data": null,
  "Data1": null,
  "ErrorCode": 0,
  "strPropertyLogo": null,
  "strCurrentMonthAndYearStats": null,
  "strTotCurrentMonthAndYearStats": null,
  "strFromCurrentMonthAndYearStats": null,
  "strRatePlanRevenue": null,
  "strRatePlanRevenueLastYear": null,
  "strMonthlyMarketSegment": null,
  "strYearlyMarketSegment": null,
  "strMarketSegmentPickUp": null,
  "strMarketSegmentPickUpMarketSegment": null,
  "strMarketSegmentPickUpMarketSegmentADR": null,
  "strPricingAnalysis": null,
  "strPickUpRateShop": null,
  "strHotDates": null,
  "strTotPickupYestForecastRateShop": null,
  "strTotMonthToDatePickupYestForecastRateShop": null,
  "strOTBMarketSegment": null,
  "strCompsetRateData": null,
  "strStayDateLOS": null,
  "strCompsetRateDataYesterday": null,
  "strTotalOTB": null,
  "strTotalOTBTotal": null,
  "strTotalADR": null,
  "strTotalADRTotal": null,
  "strTotalRevenueTotal": null,
  "strPickupOTB": null,
  "strPickupOTBTotal": null,
  "strPickupADR": null,
  "strPickupADRTotal": null,
  "strPickupRevenueTotal": null,
  "strPickup7OTB": null,
  "strPickup7OTBTotal": null,
  "strPickup7ADR": null,
  "strPickup7ADRTotal": null,
  "strPickup7RevenueTotal": null,
  "strMonthYearData": null,
  "strMonthlySummary": null,
  "strDailySummary": null,
  "strPickupCalendarDays": null,
  "strPickupCalendarDates": null,
  "strRatePlanHierachical": null,
  "strCompanyHierachical": null,
  "strGuestNameHierachical": null,
  "strGroupNameDetails": null,
  "strEventDetails": null,
  "strResrevationActivityFromLastTwodays": null,
  "FlagETL": false,
  "ResrevationActivityFromLastTwodays": null,
  "RevenueBookingYOYChart": [
    {
      "TotalRevenueCurrentYear": "42130.39",
      "TotalRevenuePreviousyear": "31249.35",
      "Dates": "01"
    },
    {
      "TotalRevenueCurrentYear": "44525.27",
      "TotalRevenuePreviousyear": "33375.07",
      "Dates": "02"
    },
    {
      "TotalRevenueCurrentYear": "46655.97",
      "TotalRevenuePreviousyear": "34498.01",
      "Dates": "03"
    },
    {
      "TotalRevenueCurrentYear": "47803.02",
      "TotalRevenuePreviousyear": "36101.97",
      "Dates": "04"
    },
    {
      "TotalRevenueCurrentYear": "48496.43",
      "TotalRevenuePreviousyear": "39086.82",
      "Dates": "05"
    },
    {
      "TotalRevenueCurrentYear": "51514.88",
      "TotalRevenuePreviousyear": "41458.97",
      "Dates": "06"
    },
    {
      "TotalRevenueCurrentYear": "55320.61",
      "TotalRevenuePreviousyear": "44151.90",
      "Dates": "07"
    },
    {
      "TotalRevenueCurrentYear": "58063.00",
      "TotalRevenuePreviousyear": "46241.85",
      "Dates": "08"
    },
    {
      "TotalRevenueCurrentYear": "61525.55",
      "TotalRevenuePreviousyear": "49458.08",
      "Dates": "09"
    },
    {
      "TotalRevenueCurrentYear": "63656.40",
      "TotalRevenuePreviousyear": "50395.68",
      "Dates": "10"
    },
    {
      "TotalRevenueCurrentYear": "64747.01",
      "TotalRevenuePreviousyear": "51958.74",
      "Dates": "11"
    },
    {
      "TotalRevenueCurrentYear": "65833.85",
      "TotalRevenuePreviousyear": "52703.89",
      "Dates": "12"
    },
    {
      "TotalRevenueCurrentYear": "67582.41",
      "TotalRevenuePreviousyear": "54206.62",
      "Dates": "13"
    },
    {
      "TotalRevenueCurrentYear": "69836.90",
      "TotalRevenuePreviousyear": "58954.20",
      "Dates": "14"
    },
    {
      "TotalRevenueCurrentYear": "71741.76",
      "TotalRevenuePreviousyear": "60243.29",
      "Dates": "15"
    },
    {
      "TotalRevenueCurrentYear": "73761.51",
      "TotalRevenuePreviousyear": "62677.92",
      "Dates": "16"
    },
    {
      "TotalRevenueCurrentYear": "76643.34",
      "TotalRevenuePreviousyear": "64802.40",
      "Dates": "17"
    },
    {
      "TotalRevenueCurrentYear": "77921.37",
      "TotalRevenuePreviousyear": "67839.80",
      "Dates": "18"
    },
    {
      "TotalRevenueCurrentYear": "80728.10",
      "TotalRevenuePreviousyear": "69671.43",
      "Dates": "19"
    },
    {
      "TotalRevenueCurrentYear": "0.00",
      "TotalRevenuePreviousyear": "70693.43",
      "Dates": "20"
    },
    {
      "TotalRevenueCurrentYear": "0.00",
      "TotalRevenuePreviousyear": "73066.23",
      "Dates": "21"
    },
    {
      "TotalRevenueCurrentYear": "0.00",
      "TotalRevenuePreviousyear": "74548.63",
      "Dates": "22"
    },
    {
      "TotalRevenueCurrentYear": "0.00",
      "TotalRevenuePreviousyear": "78326.50",
      "Dates": "23"
    },
    {
      "TotalRevenueCurrentYear": "0.00",
      "TotalRevenuePreviousyear": "79647.70",
      "Dates": "24"
    },
    {
      "TotalRevenueCurrentYear": "0.00",
      "TotalRevenuePreviousyear": "84548.47",
      "Dates": "25"
    },
    {
      "TotalRevenueCurrentYear": "0.00",
      "TotalRevenuePreviousyear": "85561.20",
      "Dates": "26"
    },
    {
      "TotalRevenueCurrentYear": "0.00",
      "TotalRevenuePreviousyear": "85888.20",
      "Dates": "27"
    },
    {
      "TotalRevenueCurrentYear": "0.00",
      "TotalRevenuePreviousyear": "86640.00",
      "Dates": "28"
    },
    {
      "TotalRevenueCurrentYear": "0.00",
      "TotalRevenuePreviousyear": "87563.20",
      "Dates": "29"
    },
    {
      "TotalRevenueCurrentYear": "0.00",
      "TotalRevenuePreviousyear": "88087.54",
      "Dates": "30"
    },
    {
      "TotalRevenueCurrentYear": "0.00",
      "TotalRevenuePreviousyear": "88464.69",
      "Dates": "31"
    }
  ],
  "strPortfolioDetails": null,
  "strYesterdayTable": null,
  "strTodayTable": null,
  "strMonthMTDTable": null,
  "strMonthOTBTable": null,
  "strDailyStats": null,
  "strMonthlyStats": null,
  "strDailyStatsTotal": null,
  "strMonthlyStatsTotal": null
}